"filename", "language", "CMake", "C++", "CUDA C++", "GLSL", "comment", "blank", "total"
"/home/mario/Desktop/Masterarbeit/OptiXApp/src/CMakeLists.txt", "CMake", 3, 0, 0, 0, 0, 0, 3
"/home/mario/Desktop/Masterarbeit/OptiXApp/src/mwir/CMakeLists.txt", "CMake", 27, 0, 0, 0, 0, 17, 44
"/home/mario/Desktop/Masterarbeit/OptiXApp/src/mwir/antenna.cpp", "C++", 0, 113, 0, 0, 0, 22, 135
"/home/mario/Desktop/Masterarbeit/OptiXApp/src/mwir/antenna.hpp", "C++", 0, 37, 0, 0, 0, 10, 47
"/home/mario/Desktop/Masterarbeit/OptiXApp/src/mwir/context.hpp", "C++", 0, 21, 0, 0, 0, 4, 25
"/home/mario/Desktop/Masterarbeit/OptiXApp/src/mwir/function_table_definition.cu", "CUDA C++", 0, 0, 1, 0, 0, 1, 2
"/home/mario/Desktop/Masterarbeit/OptiXApp/src/mwir/kernels.cu", "CUDA C++", 0, 0, 31, 0, 0, 7, 38
"/home/mario/Desktop/Masterarbeit/OptiXApp/src/mwir/kernels.hpp", "C++", 0, 5, 0, 0, 0, 2, 7
"/home/mario/Desktop/Masterarbeit/OptiXApp/src/mwir/many_worlds.cu", "CUDA C++", 0, 0, 237, 0, 0, 28, 265
"/home/mario/Desktop/Masterarbeit/OptiXApp/src/mwir/many_worlds.hpp", "C++", 0, 62, 0, 0, 0, 14, 76
"/home/mario/Desktop/Masterarbeit/OptiXApp/src/mwir/many_worlds_pipeline.cpp", "C++", 0, 64, 0, 0, 0, 21, 85
"/home/mario/Desktop/Masterarbeit/OptiXApp/src/mwir/many_worlds_pipeline.hpp", "C++", 0, 30, 0, 0, 0, 8, 38
"/home/mario/Desktop/Masterarbeit/OptiXApp/src/mwir/many_worlds_renderer.cu", "CUDA C++", 0, 0, 101, 0, 0, 18, 119
"/home/mario/Desktop/Masterarbeit/OptiXApp/src/mwir/many_worlds_renderer.hpp", "C++", 0, 33, 0, 0, 0, 12, 45
"/home/mario/Desktop/Masterarbeit/OptiXApp/src/mwir/mesh.cpp", "C++", 0, 63, 0, 0, 0, 10, 73
"/home/mario/Desktop/Masterarbeit/OptiXApp/src/mwir/mesh.hpp", "C++", 0, 29, 0, 0, 0, 10, 39
"/home/mario/Desktop/Masterarbeit/OptiXApp/src/mwir/modules/common.h", "C++", 0, 69, 0, 0, 0, 15, 84
"/home/mario/Desktop/Masterarbeit/OptiXApp/src/mwir/modules/complex.h", "C++", 0, 849, 0, 0, 113, 113, 1075
"/home/mario/Desktop/Masterarbeit/OptiXApp/src/mwir/modules/defines.h", "C++", 0, 7, 0, 0, 0, 4, 11
"/home/mario/Desktop/Masterarbeit/OptiXApp/src/mwir/modules/many_worlds_render_module.cu", "CUDA C++", 0, 0, 103, 0, 0, 14, 117
"/home/mario/Desktop/Masterarbeit/OptiXApp/src/mwir/modules/many_worlds_render_module.h", "C++", 0, 264, 0, 0, 37, 46, 347
"/home/mario/Desktop/Masterarbeit/OptiXApp/src/mwir/modules/render_module.cu", "CUDA C++", 0, 0, 51, 0, 0, 9, 60
"/home/mario/Desktop/Masterarbeit/OptiXApp/src/mwir/modules/render_module.h", "C++", 0, 8, 0, 0, 0, 3, 11
"/home/mario/Desktop/Masterarbeit/OptiXApp/src/mwir/modules/utils.h", "C++", 0, 96, 0, 0, 0, 14, 110
"/home/mario/Desktop/Masterarbeit/OptiXApp/src/mwir/modules/vec_math.h", "C++", 0, 1683, 0, 0, 631, 305, 2619
"/home/mario/Desktop/Masterarbeit/OptiXApp/src/mwir/pipeline.cpp", "C++", 0, 53, 0, 0, 0, 14, 67
"/home/mario/Desktop/Masterarbeit/OptiXApp/src/mwir/pipeline.hpp", "C++", 0, 28, 0, 0, 0, 9, 37
"/home/mario/Desktop/Masterarbeit/OptiXApp/src/mwir/renderer.cu", "CUDA C++", 0, 0, 51, 0, 0, 13, 64
"/home/mario/Desktop/Masterarbeit/OptiXApp/src/mwir/renderer.hpp", "C++", 0, 25, 0, 0, 0, 11, 36
"/home/mario/Desktop/Masterarbeit/OptiXApp/src/mwir/scene.cu", "CUDA C++", 0, 0, 222, 0, 0, 28, 250
"/home/mario/Desktop/Masterarbeit/OptiXApp/src/mwir/scene.hpp", "C++", 0, 70, 0, 0, 0, 16, 86
"/home/mario/Desktop/Masterarbeit/OptiXApp/src/mwir/signal.cpp", "C++", 0, 69, 0, 0, 0, 13, 82
"/home/mario/Desktop/Masterarbeit/OptiXApp/src/mwir/signal.hpp", "C++", 0, 25, 0, 0, 0, 7, 32
"/home/mario/Desktop/Masterarbeit/OptiXApp/src/pybindmwir/CMakeLists.txt", "CMake", 13, 0, 0, 0, 0, 15, 28
"/home/mario/Desktop/Masterarbeit/OptiXApp/src/pybindmwir/antenna.cpp", "C++", 0, 147, 0, 0, 0, 29, 176
"/home/mario/Desktop/Masterarbeit/OptiXApp/src/pybindmwir/antenna.hpp", "C++", 0, 28, 0, 0, 0, 10, 38
"/home/mario/Desktop/Masterarbeit/OptiXApp/src/pybindmwir/many_worlds.cpp", "C++", 0, 128, 0, 0, 0, 23, 151
"/home/mario/Desktop/Masterarbeit/OptiXApp/src/pybindmwir/many_worlds.hpp", "C++", 0, 26, 0, 0, 0, 10, 36
"/home/mario/Desktop/Masterarbeit/OptiXApp/src/pybindmwir/many_worlds_renderer.cpp", "C++", 0, 29, 0, 0, 0, 9, 38
"/home/mario/Desktop/Masterarbeit/OptiXApp/src/pybindmwir/many_worlds_renderer.hpp", "C++", 0, 18, 0, 0, 0, 12, 30
"/home/mario/Desktop/Masterarbeit/OptiXApp/src/pybindmwir/mesh.cpp", "C++", 0, 69, 0, 0, 0, 17, 86
"/home/mario/Desktop/Masterarbeit/OptiXApp/src/pybindmwir/mesh.hpp", "C++", 0, 21, 0, 0, 0, 8, 29
"/home/mario/Desktop/Masterarbeit/OptiXApp/src/pybindmwir/pybindmwir.cpp", "C++", 0, 21, 0, 0, 0, 9, 30
"/home/mario/Desktop/Masterarbeit/OptiXApp/src/pybindmwir/renderer.cpp", "C++", 0, 20, 0, 0, 0, 10, 30
"/home/mario/Desktop/Masterarbeit/OptiXApp/src/pybindmwir/renderer.hpp", "C++", 0, 15, 0, 0, 0, 10, 25
"/home/mario/Desktop/Masterarbeit/OptiXApp/src/pybindmwir/scene.cpp", "C++", 0, 139, 0, 0, 0, 25, 164
"/home/mario/Desktop/Masterarbeit/OptiXApp/src/pybindmwir/scene.hpp", "C++", 0, 29, 0, 0, 0, 11, 40
"/home/mario/Desktop/Masterarbeit/OptiXApp/src/pybindmwir/signal.cpp", "C++", 0, 70, 0, 0, 0, 17, 87
"/home/mario/Desktop/Masterarbeit/OptiXApp/src/pybindmwir/signal.hpp", "C++", 0, 21, 0, 0, 0, 11, 32
"/home/mario/Desktop/Masterarbeit/OptiXApp/src/utils/opengl/buffer.hpp", "C++", 0, 242, 0, 0, 0, 34, 276
"/home/mario/Desktop/Masterarbeit/OptiXApp/src/utils/opengl/context.hpp", "C++", 0, 193, 0, 0, 1, 20, 214
"/home/mario/Desktop/Masterarbeit/OptiXApp/src/utils/opengl/shader.hpp", "C++", 0, 487, 0, 0, 1, 84, 572
"/home/mario/Desktop/Masterarbeit/OptiXApp/src/utils/opengl/texture.hpp", "C++", 0, 9, 0, 0, 0, 4, 13
"/home/mario/Desktop/Masterarbeit/OptiXApp/src/utils/opengl/vertex_array.hpp", "C++", 0, 229, 0, 0, 0, 7, 236
"/home/mario/Desktop/Masterarbeit/OptiXApp/src/utils/optix/context.hpp", "C++", 0, 87, 0, 0, 0, 13, 100
"/home/mario/Desktop/Masterarbeit/OptiXApp/src/utils/optix/module.hpp", "C++", 0, 35, 0, 0, 0, 8, 43
"/home/mario/Desktop/Masterarbeit/OptiXApp/src/utils/optix/pipeline.hpp", "C++", 0, 47, 0, 0, 0, 8, 55
"/home/mario/Desktop/Masterarbeit/OptiXApp/src/utils/optix/program_group.hpp", "C++", 0, 29, 0, 0, 0, 5, 34
"/home/mario/Desktop/Masterarbeit/OptiXApp/src/utils/optix/sbt_record.hpp", "C++", 0, 59, 0, 0, 0, 14, 73
"/home/mario/Desktop/Masterarbeit/OptiXApp/src/utils/optix/torch.hpp", "C++", 0, 55, 0, 0, 0, 23, 78
"/home/mario/Desktop/Masterarbeit/OptiXApp/src/utils/optix/utils.hpp", "C++", 0, 129, 0, 0, 1, 18, 148
"/home/mario/Desktop/Masterarbeit/OptiXApp/src/viewer/CMakeLists.txt", "CMake", 28, 0, 0, 0, 0, 6, 34
"/home/mario/Desktop/Masterarbeit/OptiXApp/src/viewer/bindings.hpp", "C++", 0, 2, 0, 0, 0, 3, 5
"/home/mario/Desktop/Masterarbeit/OptiXApp/src/viewer/camera.cpp", "C++", 0, 199, 0, 0, 0, 19, 218
"/home/mario/Desktop/Masterarbeit/OptiXApp/src/viewer/camera.hpp", "C++", 0, 47, 0, 0, 0, 9, 56
"/home/mario/Desktop/Masterarbeit/OptiXApp/src/viewer/gl_renderer.cpp", "C++", 0, 84, 0, 0, 10, 25, 119
"/home/mario/Desktop/Masterarbeit/OptiXApp/src/viewer/gl_renderer.hpp", "C++", 0, 32, 0, 0, 0, 10, 42
"/home/mario/Desktop/Masterarbeit/OptiXApp/src/viewer/main.cu", "CUDA C++", 0, 0, 61, 0, 0, 16, 77
"/home/mario/Desktop/Masterarbeit/OptiXApp/src/viewer/modules/render_module.cu", "CUDA C++", 0, 0, 81, 0, 0, 17, 98
"/home/mario/Desktop/Masterarbeit/OptiXApp/src/viewer/modules/render_module.h", "C++", 0, 23, 0, 0, 30, 4, 57
"/home/mario/Desktop/Masterarbeit/OptiXApp/src/viewer/modules/utils.h", "C++", 0, 79, 0, 0, 46, 18, 143
"/home/mario/Desktop/Masterarbeit/OptiXApp/src/viewer/modules/vec_math.h", "C++", 0, 1683, 0, 0, 631, 305, 2619
"/home/mario/Desktop/Masterarbeit/OptiXApp/src/viewer/optix_renderer.cu", "CUDA C++", 0, 0, 110, 0, 0, 30, 140
"/home/mario/Desktop/Masterarbeit/OptiXApp/src/viewer/optix_renderer.hpp", "C++", 0, 44, 0, 0, 0, 12, 56
"/home/mario/Desktop/Masterarbeit/OptiXApp/src/viewer/scene.cpp", "C++", 0, 78, 0, 0, 0, 10, 88
"/home/mario/Desktop/Masterarbeit/OptiXApp/src/viewer/scene.hpp", "C++", 0, 18, 0, 0, 0, 7, 25
"/home/mario/Desktop/Masterarbeit/OptiXApp/src/viewer/shader/bindings", "C++", 0, 7, 0, 0, 0, 1, 8
"/home/mario/Desktop/Masterarbeit/OptiXApp/src/viewer/shader/deferred.frag", "GLSL", 0, 0, 0, 34, 0, 15, 49
"/home/mario/Desktop/Masterarbeit/OptiXApp/src/viewer/shader/deferred.vert", "GLSL", 0, 0, 0, 7, 0, 3, 10
"/home/mario/Desktop/Masterarbeit/OptiXApp/src/viewer/shader/prepass.frag", "GLSL", 0, 0, 0, 9, 0, 6, 15
"/home/mario/Desktop/Masterarbeit/OptiXApp/src/viewer/shader/prepass.vert", "GLSL", 0, 0, 0, 12, 0, 4, 16
"/home/mario/Desktop/Masterarbeit/OptiXApp/src/viewer/shader/screenquad.frag", "GLSL", 0, 0, 0, 8, 0, 7, 15
"/home/mario/Desktop/Masterarbeit/OptiXApp/src/viewer/shader/screenquad.vert", "GLSL", 0, 0, 0, 7, 0, 3, 10
"/home/mario/Desktop/Masterarbeit/OptiXApp/src/viewer/shader/ssao.frag", "GLSL", 0, 0, 0, 62, 0, 20, 82
"/home/mario/Desktop/Masterarbeit/OptiXApp/src/viewer/shader/ssao.vert", "GLSL", 0, 0, 0, 7, 0, 3, 10
"/home/mario/Desktop/Masterarbeit/OptiXApp/src/viewer/shader/ssao_blur.frag", "GLSL", 0, 0, 0, 21, 0, 13, 34
"/home/mario/Desktop/Masterarbeit/OptiXApp/src/viewer/shader/ssao_blur.vert", "GLSL", 0, 0, 0, 7, 0, 3, 10
"/home/mario/Desktop/Masterarbeit/OptiXApp/src/viewer/ssao.cpp", "C++", 0, 66, 0, 0, 0, 22, 88
"/home/mario/Desktop/Masterarbeit/OptiXApp/src/viewer/ssao.hpp", "C++", 0, 23, 0, 0, 0, 8, 31
"/home/mario/Desktop/Masterarbeit/OptiXApp/src/viewer/window.cpp", "C++", 0, 188, 0, 0, 0, 39, 227
"/home/mario/Desktop/Masterarbeit/OptiXApp/src/viewer/window.hpp", "C++", 0, 50, 0, 0, 0, 13, 63
"Total", "-", 71, 8708, 1049, 174, 1501, 1933, 13436